--
-- PostgreSQL database dump
--

-- Dumped from database version 16.4
-- Dumped by pg_dump version 16.4

-- Started on 2024-08-31 19:55:19 -03

SET statement_timeout = 0;
SET lock_timeout = 0;
SET idle_in_transaction_session_timeout = 0;
SET client_encoding = 'UTF8';
SET standard_conforming_strings = on;
SELECT pg_catalog.set_config('search_path', '', false);
SET check_function_bodies = false;
SET xmloption = content;
SET client_min_messages = warning;
SET row_security = off;

SET default_tablespace = '';

SET default_table_access_method = heap;

--
-- TOC entry 218 (class 1259 OID 16418)
-- Name: skills; Type: TABLE; Schema: public; Owner: postgres
--

CREATE TABLE public.skills (
    id bigint NOT NULL,
    image character varying(255),
    title character varying(255),
    skill_id bigint NOT NULL,
    description character varying(2000)
);


ALTER TABLE public.skills OWNER TO postgres;

--
-- TOC entry 217 (class 1259 OID 16417)
-- Name: skills_id_seq; Type: SEQUENCE; Schema: public; Owner: postgres
--

ALTER TABLE public.skills ALTER COLUMN id ADD GENERATED BY DEFAULT AS IDENTITY (
    SEQUENCE NAME public.skills_id_seq
    START WITH 1
    INCREMENT BY 1
    NO MINVALUE
    NO MAXVALUE
    CACHE 1
);


--
-- TOC entry 221 (class 1259 OID 16533)
-- Name: skills_skill_id_seq; Type: SEQUENCE; Schema: public; Owner: postgres
--

ALTER TABLE public.skills ALTER COLUMN skill_id ADD GENERATED BY DEFAULT AS IDENTITY (
    SEQUENCE NAME public.skills_skill_id_seq
    START WITH 1
    INCREMENT BY 1
    NO MINVALUE
    NO MAXVALUE
    CACHE 1
);


--
-- TOC entry 220 (class 1259 OID 16489)
-- Name: user_skill; Type: TABLE; Schema: public; Owner: postgres
--

CREATE TABLE public.user_skill (
    id bigint NOT NULL,
    user_id character varying(255) NOT NULL,
    skill_id bigint NOT NULL,
    level integer NOT NULL
);


ALTER TABLE public.user_skill OWNER TO postgres;

--
-- TOC entry 219 (class 1259 OID 16488)
-- Name: user_skill_id_seq; Type: SEQUENCE; Schema: public; Owner: postgres
--

CREATE SEQUENCE public.user_skill_id_seq
    AS integer
    START WITH 1
    INCREMENT BY 1
    NO MINVALUE
    NO MAXVALUE
    CACHE 1;


ALTER SEQUENCE public.user_skill_id_seq OWNER TO postgres;

--
-- TOC entry 3621 (class 0 OID 0)
-- Dependencies: 219
-- Name: user_skill_id_seq; Type: SEQUENCE OWNED BY; Schema: public; Owner: postgres
--

ALTER SEQUENCE public.user_skill_id_seq OWNED BY public.user_skill.id;


--
-- TOC entry 216 (class 1259 OID 16408)
-- Name: users; Type: TABLE; Schema: public; Owner: postgres
--

CREATE TABLE public.users (
    id character varying(255) NOT NULL,
    login character varying(255) NOT NULL,
    password character varying(255) NOT NULL,
    role text DEFAULT 0 NOT NULL
);


ALTER TABLE public.users OWNER TO postgres;

--
-- TOC entry 3454 (class 2604 OID 16509)
-- Name: user_skill id; Type: DEFAULT; Schema: public; Owner: postgres
--

ALTER TABLE ONLY public.user_skill ALTER COLUMN id SET DEFAULT nextval('public.user_skill_id_seq'::regclass);


--
-- TOC entry 3612 (class 0 OID 16418)
-- Dependencies: 218
-- Data for Name: skills; Type: TABLE DATA; Schema: public; Owner: postgres
--

COPY public.skills (id, image, title, skill_id, description) FROM stdin;
3	https://blog.desdelinux.net/wp-content/uploads/2023/07/MySQL.jpg	MySQL	3	MySQL é um sistema de gerenciamento de banco de dados relacional de código aberto. É amplamente utilizado para armazenar dados em aplicações web e empresariais, oferecendo suporte a SQL para manipulação e consulta de dados. MySQL é conhecido por sua alta performance, confiabilidade e facilidade de uso. Lorem ipsum dolor sit amet, consectetur adipiscing elit, sed do eiusmod tempor incididunt ut labore et dolore magna aliqua. Ut enim ad minim veniam, quis nostrud exercitation ullamco laboris nisi ut aliquip ex ea commodo consequat. Duis aute irure dolor in reprehenderit in voluptate velit esse cillum dolore eu fugiat nulla pariatur. Excepteur sint occaecat cupidatat non proident, sunt in culpa qui officia deserunt mollit anim id est laborum.\nSed ut perspiciatis unde omnis iste natus error sit voluptatem accusantium doloremque laudantium, totam rem aperiam, eaque ipsa quae ab illo inventore veritatis et quasi architecto beatae vitae dicta sunt explicabo. Nemo enim ipsam voluptatem quia voluptas sit aspernatur aut odit aut fugit, sed quia consequuntur magni dolores eos qui ratione voluptatem sequi nesciunt. Neque porro quisquam est, qui dolorem ipsum quia dolor sit amet, consectetur, adipisci velit, sed quia non numquam eius modi tempora incidunt ut labore et dolore magnam aliquam quaerat voluptatem. Ut enim ad minima veniam, quis nostrum exercitationem ullam corporis suscipit laboriosam, nisi ut aliquid ex ea commodi consequatur? Quis autem vel eum iure reprehenderit qui in ea voluptate velit esse quam nihil molestiae consequatur, vel illum qui dolorem eum fugiat quo voluptas nulla pariatur?\n
4	https://conexaopanvel.faccat.br/wp-content/uploads/2020/06/1_vHHBwcUFUaHWXntSnqKdCA.png	React	4	React é uma biblioteca JavaScript para construção de interfaces de usuário, desenvolvida pelo Facebook. Permite a criação de componentes reutilizáveis e gerencia o estado de forma eficiente. É muito popular para o desenvolvimento de aplicações web modernas e responsivas.\nLorem ipsum dolor sit amet, consectetur adipiscing elit, sed do eiusmod tempor incididunt ut labore et dolore magna aliqua. Ut enim ad minim veniam, quis nostrud exercitation ullamco laboris nisi ut aliquip ex ea commodo consequat. Duis aute irure dolor in reprehenderit in voluptate velit esse cillum dolore eu fugiat nulla pariatur. Excepteur sint occaecat cupidatat non proident, sunt in culpa qui officia deserunt mollit anim id est laborum.\nSed ut perspiciatis unde omnis iste natus error sit voluptatem accusantium doloremque laudantium, totam rem aperiam, eaque ipsa quae ab illo inventore veritatis et quasi architecto beatae vitae dicta sunt explicabo. Nemo enim ipsam voluptatem quia voluptas sit aspernatur aut odit aut fugit, sed quia consequuntur magni dolores eos qui ratione voluptatem sequi nesciunt. Neque porro quisquam est, qui dolorem ipsum quia dolor sit amet, consectetur, adipisci velit, sed quia non numquam eius modi tempora incidunt ut labore et dolore magnam aliquam quaerat voluptatem. Ut enim ad minima veniam, quis nostrum exercitationem ullam corporis suscipit laboriosam, nisi ut aliquid ex ea commodi consequatur? Quis autem vel eum iure reprehenderit qui in ea voluptate velit esse quam nihil molestiae consequatur, vel illum qui dolorem eum fugiat quo voluptas nulla pariatur.
1	https://miro.medium.com/v2/resize:fit:1200/1*GCu4cNWIU1ElDbY7d4ycZw.png	Java	1	Java é uma linguagem de programação amplamente utilizada para desenvolvimento de aplicações em diversas plataformas. É conhecida por seu princípio "Write Once, Run Anywhere" (WORA), o que significa que o código Java pode ser executado em qualquer dispositivo que tenha uma Java Virtual Machine (JVM). É frequentemente usada para desenvolvimento de aplicações web, mobile (Android), e sistemas corporativos.\n\nLorem ipsum dolor sit amet, consectetur adipiscing elit, sed do eiusmod tempor incididunt ut labore et dolore magna aliqua. Ut enim ad minim veniam, quis nostrud exercitation ullamco laboris nisi ut aliquip ex ea commodo consequat. Duis aute irure dolor in reprehenderit in voluptate velit esse cillum dolore eu fugiat nulla pariatur. Excepteur sint occaecat cupidatat non proident, sunt in culpa qui officia deserunt mollit anim id est laborum.\nSed ut perspiciatis unde omnis iste natus error sit voluptatem accusantium doloremque laudantium, totam rem aperiam, eaque ipsa quae ab illo inventore veritatis et quasi architecto beatae vitae dicta sunt explicabo. Nemo enim ipsam voluptatem quia voluptas sit aspernatur aut odit aut fugit, sed quia consequuntur magni dolores eos qui ratione voluptatem sequi nesciunt. Neque porro quisquam est, qui dolorem ipsum quia dolor sit amet, consectetur, adipisci velit, sed quia non numquam eius modi tempora incidunt ut labore et dolore magnam aliquam quaerat voluptatem. Ut enim ad minima veniam, quis nostrum exercitationem ullam corporis suscipit laboriosam, nisi ut aliquid ex ea commodi consequatur? Quis autem vel eum iure reprehenderit qui in ea voluptate velit esse quam nihil molestiae consequatur, vel illum qui dolorem eum fugiat quo voluptas nulla pariatur?
5	https://hermes.dio.me/articles/cover/5e59a607-6acc-4a90-a074-63a384a5e388.png	Python	5	Python é uma linguagem de programação de alto nível conhecida por sua sintaxe clara e legível. É amplamente utilizada em ciência de dados, aprendizado de máquina, desenvolvimento web, automação e scripting. Python suporta múltiplos paradigmas de programação, incluindo programação orientada a objetos e funcional.\n\nLorem ipsum dolor sit amet, consectetur adipiscing elit, sed do eiusmod tempor incididunt ut labore et dolore magna aliqua. Ut enim ad minim veniam, quis nostrud exercitation ullamco laboris nisi ut aliquip ex ea commodo consequat. Duis aute irure dolor in reprehenderit in voluptate velit esse cillum dolore eu fugiat nulla pariatur. Excepteur sint occaecat cupidatat non proident, sunt in culpa qui officia deserunt mollit anim id est laborum.\nSed ut perspiciatis unde omnis iste natus error sit voluptatem accusantium doloremque laudantium, totam rem aperiam, eaque ipsa quae ab illo inventore veritatis et quasi architecto beatae vitae dicta sunt explicabo. Nemo enim ipsam voluptatem quia voluptas sit aspernatur aut odit aut fugit, sed quia consequuntur magni dolores eos qui ratione voluptatem sequi nesciunt. Neque porro quisquam est, qui dolorem ipsum quia dolor sit amet, consectetur, adipisci velit, sed quia non numquam eius modi tempora incidunt ut labore et dolore magnam aliquam quaerat voluptatem. Ut enim ad minima veniam, quis nostrum exercitationem ullam corporis suscipit laboriosam, nisi ut aliquid ex ea commodi consequatur? Quis autem vel eum iure reprehenderit qui in ea voluptate velit esse quam nihil molestiae consequatur, vel illum qui dolorem eum fugiat quo voluptas nulla pariatur.
8	https://idocode.com.br/wp-content/uploads/2021/07/programacao-scaled.jpg	Django	11	Django é um framework de desenvolvimento web para Python que segue o padrão de design Model-View-Template (MVT). É conhecido por sua robustez e facilidade de uso, oferecendo uma estrutura para desenvolvimento rápido e seguro de aplicações web, com funcionalidades como autenticação e administração integrada. Lorem ipsum dolor sit amet, consectetur adipiscing elit, sed do eiusmod tempor incididunt ut labore et dolore magna aliqua. Ut enim ad minim veniam, quis nostrud exercitation ullamco laboris nisi ut aliquip ex ea commodo consequat. Duis aute irure dolor in reprehenderit in voluptate velit esse cillum dolore eu fugiat nulla pariatur. Excepteur sint occaecat cupidatat non proident, sunt in culpa qui officia deserunt mollit anim id est laborum.\nSed ut perspiciatis unde omnis iste natus error sit voluptatem accusantium doloremque laudantium, totam rem aperiam, eaque ipsa quae ab illo inventore veritatis et quasi architecto beatae vitae dicta sunt explicabo. Nemo enim ipsam voluptatem quia voluptas sit aspernatur aut odit aut fugit, sed quia consequuntur magni dolores eos qui ratione voluptatem sequi nesciunt. Neque porro quisquam est, qui dolorem ipsum quia dolor sit amet, consectetur, adipisci velit, sed quia non numquam eius modi tempora incidunt ut labore et dolore magnam aliquam quaerat voluptatem. Ut enim ad minima veniam, quis nostrum exercitationem ullam corporis suscipit laboriosam, nisi ut aliquid ex ea commodi consequatur? Quis autem vel eum iure reprehenderit qui in ea voluptate velit esse quam nihil molestiae consequatur, vel illum qui dolorem eum fugiat quo voluptas nulla pariatur.
10	https://blog.safetycontrol.ind.br/wp-content/uploads/2021/11/Docker.png	Docker	13	Docker é uma plataforma para desenvolver, enviar e executar aplicações em containers. Contêineres permitem que você empacote uma aplicação e suas dependências em uma unidade padronizada, facilitando a consistência e escalabilidade através de diferentes ambientes. Lorem ipsum dolor sit amet, consectetur adipiscing elit, sed do eiusmod tempor incididunt ut labore et dolore magna aliqua. Ut enim ad minim veniam, quis nostrud exercitation ullamco laboris nisi ut aliquip ex ea commodo consequat. Duis aute irure dolor in reprehenderit in voluptate velit esse cillum dolore eu fugiat nulla pariatur. Excepteur sint occaecat cupidatat non proident, sunt in culpa qui officia deserunt mollit anim id est laborum.\nSed ut perspiciatis unde omnis iste natus error sit voluptatem accusantium doloremque laudantium, totam rem aperiam, eaque ipsa quae ab illo inventore veritatis et quasi architecto beatae vitae dicta sunt explicabo. Nemo enim ipsam voluptatem quia voluptas sit aspernatur aut odit aut fugit, sed quia consequuntur magni dolores eos qui ratione voluptatem sequi nesciunt. Neque porro quisquam est, qui dolorem ipsum quia dolor sit amet, consectetur, adipisci velit, sed quia non numquam eius modi tempora incidunt ut labore et dolore magnam aliquam quaerat voluptatem. Ut enim ad minima veniam, quis nostrum exercitationem ullam corporis suscipit laboriosam, nisi ut aliquid ex ea commodi consequatur? Quis autem vel eum iure reprehenderit qui in ea voluptate velit esse quam nihil molestiae consequatur, vel illum qui dolorem eum fugiat quo voluptas nulla pariatur?
6	https://miro.medium.com/v2/1*AjesIvV-kkwk6LLvNf1t4A.png	React Native	9	React Native é um framework de desenvolvimento de aplicativos móveis que permite criar aplicativos para iOS e Android usando JavaScript e a biblioteca React. Em vez de usar o HTML e CSS para definir a interface do usuário, como no desenvolvimento web com React, o React Native utiliza componentes nativos que são renderizados diretamente na plataforma móvel. Lorem ipsum dolor sit amet, consectetur adipiscing elit, sed do eiusmod tempor incididunt ut labore et dolore magna aliqua. Ut enim ad minim veniam, quis nostrud exercitation ullamco laboris nisi ut aliquip ex ea commodo consequat. Duis aute irure dolor in reprehenderit in voluptate velit esse cillum dolore eu fugiat nulla pariatur. Excepteur sint occaecat cupidatat non proident, sunt in culpa qui officia deserunt mollit anim id est laborum.\nSed ut perspiciatis unde omnis iste natus error sit voluptatem accusantium doloremque laudantium, totam rem aperiam, eaque ipsa quae ab illo inventore veritatis et quasi architecto beatae vitae dicta sunt explicabo. Nemo enim ipsam voluptatem quia voluptas sit aspernatur aut odit aut fugit, sed quia consequuntur magni dolores eos qui ratione voluptatem sequi nesciunt. Neque porro quisquam est, qui dolorem ipsum quia dolor sit amet, consectetur, adipisci velit, sed quia non numquam eius modi tempora incidunt ut labore et dolore magnam aliquam quaerat voluptatem. Ut enim ad minima veniam, quis nostrum exercitationem ullam corporis suscipit laboriosam, nisi ut aliquid ex ea commodi consequatur? Quis autem vel eum iure reprehenderit qui in ea voluptate velit esse quam nihil molestiae consequatur, vel illum qui dolorem eum fugiat quo voluptas nulla pariatur?
2	https://w0.peakpx.com/wallpaper/734/786/HD-wallpaper-sticky-notes-on-corkboard.jpg	Scrum	2	Scrum é uma metodologia ágil de gerenciamento de projetos que se concentra na entrega incremental de produtos. Utiliza ciclos de desenvolvimento curtos chamados sprints e envolve reuniões regulares para revisar o progresso e adaptar o plano conforme necessário. Lorem ipsum dolor sit amet, consectetur adipiscing elit, sed do eiusmod tempor incididunt ut labore et dolore magna aliqua. Ut enim ad minim veniam, quis nostrud exercitation ullamco laboris nisi ut aliquip ex ea commodo consequat. Duis aute irure dolor in reprehenderit in voluptate velit esse cillum dolore eu fugiat nulla pariatur. Excepteur sint occaecat cupidatat non proident, sunt in culpa qui officia deserunt mollit anim id est laborum.\nSed ut perspiciatis unde omnis iste natus error sit voluptatem accusantium doloremque laudantium, totam rem aperiam, eaque ipsa quae ab illo inventore veritatis et quasi architecto beatae vitae dicta sunt explicabo. Nemo enim ipsam voluptatem quia voluptas sit aspernatur aut odit aut fugit, sed quia consequuntur magni dolores eos qui ratione voluptatem sequi nesciunt. Neque porro quisquam est, qui dolorem ipsum quia dolor sit amet, consectetur, adipisci velit, sed quia non numquam eius modi tempora incidunt ut labore et dolore magnam aliquam quaerat voluptatem. Ut enim ad minima veniam, quis nostrum exercitationem ullam corporis suscipit laboriosam, nisi ut aliquid ex ea commodi consequatur? Quis autem vel eum iure reprehenderit qui in ea voluptate velit esse quam nihil molestiae consequatur, vel illum qui dolorem eum fugiat quo voluptas nulla pariatur.
7	https://ltecnologia.com.br/blog/wp-content/uploads/2020/05/quantumexplainer3.2-01-10-scaled.jpg	Criptografia Simétrica	10	A criptografia simétrica é um método de criptografia que usa a mesma chave para criptografar e descriptografar dados. É eficiente e rápida, mas requer que a chave seja compartilhada de forma segura entre as partes envolvidas na comunicação.\nLorem ipsum dolor sit amet, consectetur adipiscing elit, sed do eiusmod tempor incididunt ut labore et dolore magna aliqua. Ut enim ad minim veniam, quis nostrud exercitation ullamco laboris nisi ut aliquip ex ea commodo consequat. Duis aute irure dolor in reprehenderit in voluptate velit esse cillum dolore eu fugiat nulla pariatur. Excepteur sint occaecat cupidatat non proident, sunt in culpa qui officia deserunt mollit anim id est laborum.\nSed ut perspiciatis unde omnis iste natus error sit voluptatem accusantium doloremque laudantium, totam rem aperiam, eaque ipsa quae ab illo inventore veritatis et quasi architecto beatae vitae dicta sunt explicabo. Nemo enim ipsam voluptatem quia voluptas sit aspernatur aut odit aut fugit, sed quia consequuntur magni dolores eos qui ratione voluptatem sequi nesciunt. Neque porro quisquam est, qui dolorem ipsum quia dolor sit amet, consectetur, adipisci velit, sed quia non numquam eius modi tempora incidunt ut labore et dolore magnam aliquam quaerat voluptatem. Ut enim ad minima veniam, quis nostrum exercitationem ullam corporis suscipit laboriosam, nisi ut aliquid ex ea commodi consequatur? Quis autem vel eum iure reprehenderit qui in ea voluptate velit esse quam nihil molestiae consequatur, vel illum qui dolorem eum fugiat quo voluptas nulla pariatur?
9	https://miro.medium.com/v2/resize:fit:1200/1*QJnvahq_EBdUGjYQUYrhvA.png	MongoDB	12	MongoDB é um banco de dados NoSQL orientado a documentos que armazena dados em formato JSON. Ele é ideal para aplicações que exigem alta escalabilidade e flexibilidade na estrutura dos dados, como aplicações web e móveis em larga escala. Lorem ipsum dolor sit amet, consectetur adipiscing elit, sed do eiusmod tempor incididunt ut labore et dolore magna aliqua. Ut enim ad minim veniam, quis nostrud exercitation ullamco laboris nisi ut aliquip ex ea commodo consequat. Duis aute irure dolor in reprehenderit in voluptate velit esse cillum dolore eu fugiat nulla pariatur. Excepteur sint occaecat cupidatat non proident, sunt in culpa qui officia deserunt mollit anim id est laborum.\nSed ut perspiciatis unde omnis iste natus error sit voluptatem accusantium doloremque laudantium, totam rem aperiam, eaque ipsa quae ab illo inventore veritatis et quasi architecto beatae vitae dicta sunt explicabo. Nemo enim ipsam voluptatem quia voluptas sit aspernatur aut odit aut fugit, sed quia consequuntur magni dolores eos qui ratione voluptatem sequi nesciunt. Neque porro quisquam est, qui dolorem ipsum quia dolor sit amet, consectetur, adipisci velit, sed quia non numquam eius modi tempora incidunt ut labore et dolore magnam aliquam quaerat voluptatem. Ut enim ad minima veniam, quis nostrum exercitationem ullam corporis suscipit laboriosam, nisi ut aliquid ex ea commodi consequatur? Quis autem vel eum iure reprehenderit qui in ea voluptate velit esse quam nihil molestiae consequatur, vel illum qui dolorem eum fugiat quo voluptas nulla pariatur?
11	https://t.ctcdn.com.br/MQ4lWgAgMlH8-kMiZ6PAq8C3b6c=/1200x675/smart/i614324.jpeg	Linux	14	Linux é um sistema operacional de código aberto baseado em Unix. É conhecido por sua estabilidade, segurança e flexibilidade, sendo amplamente utilizado em servidores, desktops e dispositivos embarcados. O Linux suporta uma ampla gama de distribuições e é a base para muitos servidores e sistemas de cloud computing. Lorem ipsum dolor sit amet, consectetur adipiscing elit, sed do eiusmod tempor incididunt ut labore et dolore magna aliqua. Ut enim ad minim veniam, quis nostrud exercitation ullamco laboris nisi ut aliquip ex ea commodo consequat. Duis aute irure dolor in reprehenderit in voluptate velit esse cillum dolore eu fugiat nulla pariatur. Excepteur sint occaecat cupidatat non proident, sunt in culpa qui officia deserunt mollit anim id est laborum.\nSed ut perspiciatis unde omnis iste natus error sit voluptatem accusantium doloremque laudantium, totam rem aperiam, eaque ipsa quae ab illo inventore veritatis et quasi architecto beatae vitae dicta sunt explicabo. Nemo enim ipsam voluptatem quia voluptas sit aspernatur aut odit aut fugit, sed quia consequuntur magni dolores eos qui ratione voluptatem sequi nesciunt. Neque porro quisquam est, qui dolorem ipsum quia dolor sit amet, consectetur, adipisci velit, sed quia non numquam eius modi tempora incidunt ut labore et dolore magnam aliquam quaerat voluptatem. Ut enim ad minima veniam, quis nostrum exercitationem ullam corporis suscipit laboriosam, nisi ut aliquid ex ea commodi consequatur? Quis autem vel eum iure reprehenderit qui in ea voluptate velit esse quam nihil molestiae consequatur, vel illum qui dolorem eum fugiat quo voluptas nulla pariatur?
12	https://searchengineland.com/wp-content/seloads/2020/03/code-SS_634574354-1920x1080-1.jpg	Pandas	15	Pandas é uma biblioteca de Python para análise e manipulação de dados. Fornece estruturas de dados e operações para trabalhar com tabelas e séries temporais, facilitando a limpeza, transformação e análise de dados. Lorem ipsum dolor sit amet, consectetur adipiscing elit, sed do eiusmod tempor incididunt ut labore et dolore magna aliqua. Ut enim ad minim veniam, quis nostrud exercitation ullamco laboris nisi ut aliquip ex ea commodo consequat. Duis aute irure dolor in reprehenderit in voluptate velit esse cillum dolore eu fugiat nulla pariatur. Excepteur sint occaecat cupidatat non proident, sunt in culpa qui officia deserunt mollit anim id est laborum.\nSed ut perspiciatis unde omnis iste natus error sit voluptatem accusantium doloremque laudantium, totam rem aperiam, eaque ipsa quae ab illo inventore veritatis et quasi architecto beatae vitae dicta sunt explicabo. Nemo enim ipsam voluptatem quia voluptas sit aspernatur aut odit aut fugit, sed quia consequuntur magni dolores eos qui ratione voluptatem sequi nesciunt. Neque porro quisquam est, qui dolorem ipsum quia dolor sit amet, consectetur, adipisci velit, sed quia non numquam eius modi tempora incidunt ut labore et dolore magnam aliquam quaerat voluptatem. Ut enim ad minima veniam, quis nostrum exercitationem ullam corporis suscipit laboriosam, nisi ut aliquid ex ea commodi consequatur? Quis autem vel eum iure reprehenderit qui in ea voluptate velit esse quam nihil molestiae consequatur, vel illum qui dolorem eum fugiat quo voluptas nulla pariatur.
\.


--
-- TOC entry 3614 (class 0 OID 16489)
-- Dependencies: 220
-- Data for Name: user_skill; Type: TABLE DATA; Schema: public; Owner: postgres
--

COPY public.user_skill (id, user_id, skill_id, level) FROM stdin;
1	10c04fe7-f621-4468-826b-034f987d962e	1	5
2	10c04fe7-f621-4468-826b-034f987d962e	2	4
3	50c0b92e-3bf9-4558-8474-c2e7451dbbfe	3	3
4	50c0b92e-3bf9-4558-8474-c2e7451dbbfe	5	2
7	dba7e695-fd49-43f7-b527-94bde892b09f	4	3
18	dba7e695-fd49-43f7-b527-94bde892b09f	3	4
21	dba7e695-fd49-43f7-b527-94bde892b09f	12	5
6	dba7e695-fd49-43f7-b527-94bde892b09f	1	4
17	dba7e695-fd49-43f7-b527-94bde892b09f	2	2
\.


--
-- TOC entry 3610 (class 0 OID 16408)
-- Dependencies: 216
-- Data for Name: users; Type: TABLE DATA; Schema: public; Owner: postgres
--

COPY public.users (id, login, password, role) FROM stdin;
7ceb0ddd-1808-4ea1-804b-0d5d3ae1c1a1	LucasADMIN	$2a$10$NQkv1AGZ/A1WNrryC0f62esoVJ59ZeRIjZyl2BMAyYYO5DtD6Fzly	0
cbaa469a-6328-49b6-97d8-8c1a2c4f1c93	LucasUSER	$2a$10$PL4sVGTy9W8n8Vw5kCLibuui5sv0SpXyz3OCTT3cwm8aGzD.oflfW	1
fd968379-01ce-46e5-9b46-6b8117c29e98	ElisaADMIN	$2a$10$h9Y.7RdUSN2y80iAvZbhG.Zm/zhU7klrs4ZcTRjVnnxjTPz5supxm	0
10c04fe7-f621-4468-826b-034f987d962e	BernardoYung	$2a$10$VNOfVQnnuMSJKRX3gUHwrObv9ezHdYtbfJQjyfFlSQkSvQP764Gsu	0
50c0b92e-3bf9-4558-8474-c2e7451dbbfe	ElisaPessamilio	$2a$10$Ij3cF3RtS6Hovd9DruaXbeQaxPGtoBzkImSurH1KpT18pe5qrjGA.	0
dba7e695-fd49-43f7-b527-94bde892b09f	LucasRibeiro	$2a$10$1wHBIybZSHmE2DSfN07/FuHoaPBZJ4fi6VzNgvDrcaks5PjIgdbZC	0
3ac4d31b-b55e-4ef6-b46c-613e59bf56d8	teste	$2a$10$MGSe8QAOrf/ArufaCXKox.gM8bdWIbbS3q183nTRGkLH6Z6.bc48W	0
\.


--
-- TOC entry 3622 (class 0 OID 0)
-- Dependencies: 217
-- Name: skills_id_seq; Type: SEQUENCE SET; Schema: public; Owner: postgres
--

SELECT pg_catalog.setval('public.skills_id_seq', 12, true);


--
-- TOC entry 3623 (class 0 OID 0)
-- Dependencies: 221
-- Name: skills_skill_id_seq; Type: SEQUENCE SET; Schema: public; Owner: postgres
--

SELECT pg_catalog.setval('public.skills_skill_id_seq', 15, true);


--
-- TOC entry 3624 (class 0 OID 0)
-- Dependencies: 219
-- Name: user_skill_id_seq; Type: SEQUENCE SET; Schema: public; Owner: postgres
--

SELECT pg_catalog.setval('public.user_skill_id_seq', 21, true);


--
-- TOC entry 3460 (class 2606 OID 16424)
-- Name: skills skills_pkey; Type: CONSTRAINT; Schema: public; Owner: postgres
--

ALTER TABLE ONLY public.skills
    ADD CONSTRAINT skills_pkey PRIMARY KEY (id);


--
-- TOC entry 3464 (class 2606 OID 16511)
-- Name: user_skill user_skill_pkey; Type: CONSTRAINT; Schema: public; Owner: postgres
--

ALTER TABLE ONLY public.user_skill
    ADD CONSTRAINT user_skill_pkey PRIMARY KEY (id);


--
-- TOC entry 3456 (class 2606 OID 16435)
-- Name: users users_login_key; Type: CONSTRAINT; Schema: public; Owner: postgres
--

ALTER TABLE ONLY public.users
    ADD CONSTRAINT users_login_key UNIQUE (login);


--
-- TOC entry 3458 (class 2606 OID 16426)
-- Name: users users_pkey; Type: CONSTRAINT; Schema: public; Owner: postgres
--

ALTER TABLE ONLY public.users
    ADD CONSTRAINT users_pkey PRIMARY KEY (id);


--
-- TOC entry 3461 (class 1259 OID 16508)
-- Name: idx_user_skill_skill_id; Type: INDEX; Schema: public; Owner: postgres
--

CREATE INDEX idx_user_skill_skill_id ON public.user_skill USING btree (skill_id);


--
-- TOC entry 3462 (class 1259 OID 16520)
-- Name: idx_user_skill_user_id; Type: INDEX; Schema: public; Owner: postgres
--

CREATE INDEX idx_user_skill_user_id ON public.user_skill USING btree (user_id);


--
-- TOC entry 3465 (class 2606 OID 16502)
-- Name: user_skill fk_skill; Type: FK CONSTRAINT; Schema: public; Owner: postgres
--

ALTER TABLE ONLY public.user_skill
    ADD CONSTRAINT fk_skill FOREIGN KEY (skill_id) REFERENCES public.skills(id);


--
-- TOC entry 3466 (class 2606 OID 16521)
-- Name: user_skill fk_user; Type: FK CONSTRAINT; Schema: public; Owner: postgres
--

ALTER TABLE ONLY public.user_skill
    ADD CONSTRAINT fk_user FOREIGN KEY (user_id) REFERENCES public.users(id);


-- Completed on 2024-08-31 19:55:20 -03

--
-- PostgreSQL database dump complete
--

